source,category,sub_category,product_name,product_link,price,brand,item_weight,unit_count,number_of_items,package_weight,rating,rating_count
noon,Grocery,"Dried Beans, Grains and Rice",أرز مصري أبيض 5كيلوجرام,https://www.noon.com/egypt-ar/egyptian-white-rice-5kg/N30522021A/p/?o=ff2b2e98591c11cb,174.50,ريحانة,5 كيلوجرام,,,,4.6,861
noon,Grocery,"Dried Beans, Grains and Rice",لوبيا مصرية 500جرام,https://www.noon.com/egypt-ar/egyptian-lobia-500grams/N52406610A/p/?o=ec135056c0c9295f,38.25,حبوبة,500 جرام,,,,4.4,126
noon,Grocery,"Dried Beans, Grains and Rice",أرز 5كيلوجرام,https://www.noon.com/egypt-ar/rice-5kg/N29047429A/p/?o=f6cb60f3571dc82d,166.00,على قد الايد,5 كيلوجرام,,,,3.3,121
noon,Grocery,"Dried Beans, Grains and Rice",أرز ابيض مصري 1 كيلو,https://www.noon.com/egypt-ar/white-rice-1-kg/Z0DFDA837FB94D4573A88Z/p/?o=z0dfda837fb94d4573a88z-1,39.00,حبوبة,1 كيلوجرام,,,,4.1,599
noon,Grocery,"Dried Beans, Grains and Rice",عدس أصفر 250 جرام,https://www.noon.com/egypt-ar/yellow-lentils-250g/Z29630643D8123AF6D6AEZ/p/?o=z29630643d8123af6d6aez-1,20.25,أفندي,250 جرام,,,,4.4,33
noon,Grocery,"Dried Beans, Grains and Rice",أرز مصري أبيض 1كيلوجرام,https://www.noon.com/egypt-ar/egyptian-white-rice-1kg/N30522020A/p/?o=c85efddea7654a7e,42.00,ريحانة,1 كيلوجرام,,,,4.6,672
noon,Grocery,"Dried Beans, Grains and Rice",حمص 250 جرام,https://www.noon.com/egypt-ar/chickpeas-250-grams/ZFB709435503206BA141BZ/p/?o=zfb709435503206ba141bz-1,27.25,أفندي,250 جرام,,,,4.4,9
noon,Grocery,"Dried Beans, Grains and Rice",أرز بسمتي سيلا ذهبي هندي 2 كجم,https://www.noon.com/egypt-ar/basmatti-sella-rice-golden-indian-2-kg/Z3AD910762038F6A5FF6DZ/p/?o=z3ad910762038f6a5ff6dz-1,251.00,سلطنة,2 كيلوجرام,,,,4.3,77
noon,Grocery,"Dried Beans, Grains and Rice",أرز 1كيلوجرام,https://www.noon.com/egypt-ar/rice-1kg/N29047428A/p/?o=b04e50425392c5fa,34.00,على قد الايد,1 كيلوجرام,,,,3.7,196
noon,Grocery,"Dried Beans, Grains and Rice",حمص 500غرام,https://www.noon.com/egypt-ar/chickpeas-500grams/N27719621A/p/?o=e57064266bd58c8f,114.00,الضحى,500 جرام,,,,4.6,26
noon,Grocery,"Dried Beans, Grains and Rice",ارز بسمتي سوبرXXXL,https://www.noon.com/egypt-ar/xxxl-super-basmati-rice-1k/ZFA0DA7FFC2F8C75EB7EAZ/p/?o=ed46079ca24b6f7a,149.00,تاج محل,1,,,,,
noon,Grocery,"Dried Beans, Grains and Rice",أرز 1كيلوجرام,https://www.noon.com/egypt-ar/rice-1kg/N29047421A/p/?o=b2f79f6658122adf,39.00,الدار,1 كيلوجرام,,,,4.2,114
noon,Grocery,"Dried Beans, Grains and Rice",بذور الترمس,https://www.noon.com/egypt-ar/lupin-seeds-500grams/N52891268A/p/?o=f3d13b8f8f69679c,49.00,الزعيم,500 جرام,,,,4.6,13
noon,Grocery,"Dried Beans, Grains and Rice",أرز مصري أبيض 1كيلوجرام,https://www.noon.com/egypt-ar/egyptian-white-rice-1kg/N28716824A/p/?o=e687e73bed13c5ba,41.00,الضحى,1 كيلوجرام,,,,4.4,789
noon,Grocery,"Dried Beans, Grains and Rice",أرز بسمتي فاخر 1 كيلو,https://www.noon.com/egypt-ar/supreme-basmati-white-rice-1-kg/Z136A8CB2BF955E5CF3D4Z/p/?o=z136a8cb2bf955e5cf3d4z-1,157.75,نهرين,1 كيلوجرام,,,,4.7,16
noon,Grocery,"Dried Beans, Grains and Rice",أرز أبيض مصري عالي الجودة 5كيلوجرام فردي,https://www.noon.com/egypt-ar/premium-egyptian-white-rice-5kg-single/N27665623A/p/?o=ac43c7063f57bd3b,196.50,زمزم,5 كيلوجرام,,,,4.5,93
noon,Grocery,"Dried Beans, Grains and Rice",أرز أبيض,https://www.noon.com/egypt-ar/white-rice-5kg/N52565770A/p/?o=d1d32093ee6dde0c,275.00,دايما,5 كيلوجرام,,,,5.0,9
noon,Grocery,"Dried Beans, Grains and Rice",عدس أصفر 500غرام,https://www.noon.com/egypt-ar/yellow-lentils-500grams/N52406607A/p/?o=bac74061fb5fb7fe,34.00,حبوبة,500 جرام,,,,4.4,176
noon,Grocery,"Dried Beans, Grains and Rice",فاصوليا بيضاء 250 جرام,https://www.noon.com/egypt-ar/white-beans-250-grams/Z0E9557BF625C054F7A6BZ/p/?o=z0e9557bf625c054f7a6bz-1,24.25,أفندي,250 جرام,,,,5.0,4
noon,Grocery,"Dried Beans, Grains and Rice",أرز مصري فاخر 5 كجم,https://www.noon.com/egypt-ar/luxury-egyptian-rice-wide-grain-grade-5kg/Z153992B5C5A2A0701A64Z/p/?o=z153992b5c5a2a0701a64z-1,230.00,سلطنة,5 كيلوجرام,,,,4.4,389
noon,Grocery,"Dried Beans, Grains and Rice",Premium Crushed Beans- 500 grams,https://www.noon.com/egypt-ar/premium-crushed-beans-500-grams/Z993BDDCCB1B0902EC23CZ/p/?o=z993bddccb1b0902ec23cz-1,28.00,Haboba,500 grams,,,,4.1,28
noon,Grocery,"Dried Beans, Grains and Rice",أرز أبيض 5كيلوجرام,https://www.noon.com/egypt-ar/white-rice-5kg/N29834271A/p/?o=d886d8c43fd61a4a,194.95,شهي,5 كيلوجرام,,,,4.3,12
noon,Grocery,"Dried Beans, Grains and Rice",Freekeh 500 grams,https://www.noon.com/egypt-ar/freekeh-500-grams/Z34E7962DEFF4EEB59E41Z/p/?o=z34e7962deff4eeb59e41z-1,50.00,Ragab El Attar,500 grams,,,,4.8,10
noon,Grocery,"Dried Beans, Grains and Rice",ارز وسكر وبهارات,https://www.noon.com/egypt-ar/rice-sugar-and-spices/ZD0D20D45655A40432297Z/p/?o=zd0d20d45655a40432297z-1,415.00,سلطنة,500 جرام,13,13,,3.6,10
noon,Grocery,"Dried Beans, Grains and Rice",ارز بسمتي ذهبي 1 كيلو,https://www.noon.com/egypt-ar/golden-basmati-rice-1kg/Z787F3302FFD33B48A9A2Z/p/?o=z787f3302ffd33b48a9a2z-1,83.95,مستر فود,1 كيلوجرام,,,,4.2,119
noon,Grocery,"Dried Beans, Grains and Rice",أرز أبيض 5 كيلو,https://www.noon.com/egypt-ar/white-rice-5-kg/Z57039A488805A47AFFF5Z/p/?o=z57039a488805a47afff5z-1,185.00,Haboba,5 kg,,,,4.1,599
noon,Grocery,"Dried Beans, Grains and Rice",أرز أبيض مصري 5 كيلو,https://www.noon.com/egypt-ar/premium-egyptian-white-rice-5kg/Z89FFBF02FE83A450ADAEZ/p/?o=z89ffbf02fe83a450adaez-1,179.95,مستر فود,5 كيلوجرام,,,,4.3,141
noon,Grocery,"Dried Beans, Grains and Rice",ارز بسمتي سوبرXXXL,https://www.noon.com/egypt-ar/xxxl-super-basmati-rice-5k/Z8AFC050521AA8DB82488Z/p/?o=c8559daa8093c9ab,719.00,تاج محل,5,,,,,
noon,Grocery,"Dried Beans, Grains and Rice",أرز بسمتي سيلا (هندي),https://www.noon.com/egypt-ar/mexicana-indian-basmati-sella-rice-1kg/Z00BB8A26C27DF123AAE3Z/p/?o=z00bb8a26c27df123aae3z-1,99.95,ميكسيكانا,1 كيلوجرام,,,,4.2,59
noon,Grocery,"Dried Beans, Grains and Rice",أرز بسمتي ذهبي 2كيلوجرام,https://www.noon.com/egypt-ar/golden-basmati-rice-2kg/N47874316A/p/?o=c64fe159556cd08c,302.50,داريا,2 كيلوجرام,,,,4.7,31
noon,Grocery,"Dried Beans, Grains and Rice",أرز بسمتي بني هندي فاخر من هونزا 1 كجم – حبوب كاملة | غني بالألياف | يمنح طاقة ثابتة | مثالي لخسارة الوزن والرياضيين | طبيعي 100%,https://www.noon.com/egypt-ar/hunza-indian-brown-basmati-rice-1kg-long-grain-whole-grain-high-fiber-ideal-for-weight-loss-athletes-100-natural/Z4671C397F3EE4771328BZ/p/?o=f29110a1ddbb670a,138.00,هونزا,1 كجم,,,,5.0,1
noon,Grocery,"Dried Beans, Grains and Rice",فاصوليا حمراء- 400 جرام,https://www.noon.com/egypt-ar/red-beans-400-gram/ZD703613B6F758386FF96Z/p/?o=zd703613b6f758386ff96z-1,69.00,رايت,400,,,,3.1,5
noon,Grocery,"Dried Beans, Grains and Rice",Brown Lentils 500grams,https://www.noon.com/egypt-ar/brown-lentils-500grams/N52891264A/p/?o=fcddff0d0eba578e,46.25,الزعيم,500 جرام,,,,4.8,14
noon,Grocery,"Dried Beans, Grains and Rice",علبة فاصوليا حمراء 380جرام,https://www.noon.com/egypt-ar/red-kidney-beans-can-380g/Z2DF3B7F128D8F2807254Z/p/?o=e8e7445a230466da,47.50,لونا,380,,,,4.5,2
noon,Grocery,"Dried Beans, Grains and Rice",أرز مصري 1كيلوجرام فردي,https://www.noon.com/egypt-ar/egyptian-rice-1kg-single/N51285875A/p/?o=bfdf4b7490cbfdcb,38.00,التكية,1 كيلوجرام,,,,3.8,69
noon,Grocery,"Dried Beans, Grains and Rice",ترمس 500غرام,https://www.noon.com/egypt-ar/dry-lupine-beans-500grams/N27719622A/p/?o=add512574688ef5e,73.00,الضحى,500 جرام,,,,4.8,32
noon,Grocery,"Dried Beans, Grains and Rice",ارز ابيض مصري 900 جرام,https://www.noon.com/egypt-ar/egyptian-white-rice-900-g/ZE27A0FD6417417EA4B1EZ/p/?o=ze27a0fd6417417ea4b1ez-1,30.95,Xford,900 جرام,,,,4.0,117
noon,Grocery,"Dried Beans, Grains and Rice",فاصوليا بيضاء 500جرام,https://www.noon.com/egypt-ar/white-beans-500grams/N52406613A/p/?o=f8d1d96caf0e037a,40.25,حبوبة,500 جرام,,,,4.4,90
noon,Grocery,"Dried Beans, Grains and Rice",أرز بسمتي هندي طويل الحبة 1كيلوجرام,https://www.noon.com/egypt-ar/indian-long-grain-basmati-rice-1kg/N38705928A/p/?o=bd4ce2f3f1ba554f,139.95,ريحانة,1 كيلوجرام,,,,4.7,68
noon,Grocery,"Dried Beans, Grains and Rice",أرز كبسه 336 جرام,https://www.noon.com/egypt-ar/kabsa-rice-336g/Z2210F8FAED12B52F63BEZ/p/?o=z2210f8faed12b52f63bez-1,65.00,الضحى,336 جرام,,,,4.5,10
noon,Grocery,"Dried Beans, Grains and Rice",ارز بسمتى ذهبى 1كيلو,https://www.noon.com/egypt-ar/golde-basmati-rice-1kg/Z793BBF70FA9907687AB9Z/p/?o=z793bbf70fa9907687ab9z-1,100.00,رجب العطار,1كيلو,,,,4.0,17
noon,Grocery,"Dried Beans, Grains and Rice",ارز مصري 5كيلو جرام + ارز بسمتى سيلا ذهبي 2 كيلوجرام,https://www.noon.com/egypt-ar/rice-5kg-basmati-sella-golden-2-kg/Z43D48E5C83AB67E54236Z/p/?o=z43d48e5c83ab67e54236z-1,420.00,سلطنة,5كيلو,,,,4.7,10
noon,Grocery,"Dried Beans, Grains and Rice",الأرز الخام,https://www.noon.com/egypt-ar/raw-rice-5kg-single/N52738732A/p/?o=f270bcf8f0997cce,268.00,الزعيم,5 كيلوجرام,,,,5.0,7
noon,Grocery,"Dried Beans, Grains and Rice",برغل 500جرام,https://www.noon.com/egypt-ar/bulgur-500grams/N38705930A/p/?o=f2f4cc7dc2ccb2af,55.00,ريحانة,500 جرام,,,,4.2,56
noon,Grocery,"Dried Beans, Grains and Rice",فول تدميس مصري 500جرام,https://www.noon.com/egypt-ar/egyptian-fava-beans-15-discount-500grams/N30522031A/p/?o=a34109c10b0e126c,53.00,ريحانة,500 جرام,,,,4.4,77
noon,Grocery,"Dried Beans, Grains and Rice",حمص مصري 500جرام,https://www.noon.com/egypt-ar/egyption-chickpeas-500grams/N52406602A/p/?o=aa2ad5c6b25413ef,43.25,حبوبة,500 جرام,,,,4.8,36
noon,Grocery,"Dried Beans, Grains and Rice",ارز بسمتي هندي سيلا 1كجم,https://www.noon.com/egypt-ar/fiesta-sella-basmati-rice-1k/ZABDEAA8F9BF82F214143Z/p/?o=b9023b3c6de954bc,144.00,تاج محل,1,,,,,
noon,Grocery,"Dried Beans, Grains and Rice",ارز مصرى صبا 1 كيلو * 5,https://www.noon.com/egypt-ar/egyptian-rice-1-kilo-5/ZDB718AC12559A2F99EBCZ/p/?o=zdb718ac12559a2f99ebcz-1,175.00,صباح,5 كيلوجرام,5,5,,3.6,96
noon,Grocery,"Dried Beans, Grains and Rice",أرز طويل الحبة ذهبى 1 ك,https://www.noon.com/egypt-ar/golden-long-grain-rice-1-kg/ZB7483787AC06973C20DAZ/p/?o=zb7483787ac06973c20daz-1,104.00,زاري,1 كيلوجرام,,,,4.2,11
noon,Grocery,"Dried Beans, Grains and Rice",ارز 5 كيلو + سكر 5 كيلو جرام,https://www.noon.com/egypt-ar/5-5/Z4207B330A208C7D8827EZ/p/?o=z4207b330a208c7d8827ez-1,400.00,سلطنة,10,,,,4.7,26
noon,Grocery,"Dried Beans, Grains and Rice",أرز بسمتي ذهبي سافوريا – حبوب طويلة فاخرة، نكهة عطرية – 1 كجم,https://www.noon.com/egypt-ar/savorya-golden-basmati-rice-premium-long-grain-aromatic-flavor-1kg/Z1CDD18776EBDC50DEC96Z/p/?o=e218a07d2f367a1d,120.00,سافوريا,1 كجم,,,,5.0,3
noon,Grocery,"Dried Beans, Grains and Rice",أرز بسمتي هندي 1 كجم,https://www.noon.com/egypt-ar/basmati-rice-1-kg/Z822361E120FB853ABBEDZ/p/?o=z822361e120fb853abbedz-1,106.25,الزعيم,1 كيلوجرام,,,,5.0,4
noon,Grocery,"Dried Beans, Grains and Rice",ريتش ارز دايت عالى البرتين 500 جرام,https://www.noon.com/egypt-ar/rich-high-protein-diet-rice/ZC1B1AE7BE06C1AE9D969Z/p/?o=zc1b1ae7be06c1ae9d969z-1,64.10,أرز مسلوق بالبخار,500 جرام,,,,4.0,1
noon,Grocery,"Dried Beans, Grains and Rice",ترمس معلب 500GM,https://www.noon.com/egypt-ar/packed-lupines-500gm/Z8DD641A8912E8513E004Z/p/?o=cee2bd0843048d3b,62.00,دايما,500G,,,,5.0,1
noon,Grocery,"Dried Beans, Grains and Rice",أرز بسمتي ذهبي 1كيلوجرام,https://www.noon.com/egypt-ar/golden-basmati-rice-1kg/N30522022A/p/?o=dee16d30908facef,105.00,ريحانة,1 كيلوجرام,,,,4.3,219
noon,Grocery,"Dried Beans, Grains and Rice",فول مدشوش 500غرام,https://www.noon.com/egypt-ar/splitter-crushed-fava-beans-500grams/N27719617A/p/?o=c79847e51086f7aa,68.00,الضحى,500 جرام,,,,4.1,22
noon,Grocery,"Dried Beans, Grains and Rice",عدس بجبه مصري 500غرام,https://www.noon.com/egypt-ar/egyptian-brown-lentils-beans-500grams/N27719615A/p/?o=e043463669f521dd,58.50,الضحى,500 جرام,,,,4.4,40
noon,Grocery,"Dried Beans, Grains and Rice",ريحانة أرز جاسمين تايلاندى 1 كجم,https://www.noon.com/egypt-ar/tailand-jasmine-rice-1kg/Z84DB94CD17AFBE6DCB4EZ/p/?o=cc423406db6e574b,124.95,ريحانة,1 كجم,,,,,
noon,Grocery,"Dried Beans, Grains and Rice",أرز بسمتي أبيض 1كيلوجرام,https://www.noon.com/egypt-ar/basmati-white-rice-1kg/N35958677A/p/?o=c337aad350a00f2b,175.00,دوبيلا,1 كيلوجرام,,,,4.3,30
noon,Grocery,"Dried Beans, Grains and Rice",أرز بسمتى أبيض 5 ك (علبة),https://www.noon.com/egypt-ar/white-basmati-rice-5-kg/ZB400750227F6810FB0C1Z/p/?o=zb400750227f6810fb0c1z-1,690.00,زاري,500 جرام,,,,4.5,7
noon,Grocery,"Dried Beans, Grains and Rice",ارز باسمتي ابيض 1 كجم,https://www.noon.com/egypt-ar/bassmati-white-rice-1-kg/Z7B5FEA6D473C4C76919FZ/p/?o=z7b5fea6d473c4c76919fz-1,163.00,دوبيلا,1 كيلوجرام,,,,4.7,5
noon,Grocery,"Dried Beans, Grains and Rice",أرز مصري أبيض,https://www.noon.com/egypt-ar/white-egyptian-rice-1kg-single/N51065327A/p/?o=dfcb5ac770f650de,59.25,دايما,1 كيلوجرام,,,,4.9,11
noon,Grocery,"Dried Beans, Grains and Rice","بوكس التوفير ( ريحانة أرز فاخر 1 كجم ريحانة أرز جاسمين 1 كجم ريحانة سكر 1 كجم ريحانة دقيق فاخر 1 كجم ريحانة فول تدميس بلدي 500 جم ريحانة فريك 500 جم ريحانة فلفل أحمر مطحون (بابريكا مدخن) 20 جم ريحانة فلفل أسود مطحون 20 جم ريحانة خلطة بهارات مطحونة 20 جم ريحانة شطة بلدى مطحونة 20 جم ريحانة قرفة مطحونة 20 جم ريحانة ملاحة توابل شرق اقصى ريحانة ملاحة مرقة فراخ ريحانة زيت دوار الشمس 0,7 لتر ريحانة خل طبيعي 1 لتر ريجينا مكرونة اسباجتى 400 جم ريجينا مكرونة فرن (قلم)400 جم شعرية ريجينا 400 جم ) 9.15 كجم",https://www.noon.com/egypt-ar/saving-box-rehana-premium-rice-1-kg-rehana-jasmine-rice-1-kg-rehana-sugar-1-kg-rehana-premium-flour-1-kg-rehana-egyptian-fava-beans-500-g-rehana-freekeh-500-g-rehana-ground-red-pepper-smoked-paprika-20-g-rehana-ground-black-pepper-20-g-rehana-ground-/Z0DF8B2A4281015953B32Z/p/?o=z0df8b2a4281015953b32z-1,584.95,ريحانة,9.15 كيلوجرام,18,18,,4.7,27
noon,Grocery,"Dried Beans, Grains and Rice",فاصوليا بيضاء 500 جم - عدس أصفر 500 جم - فول 500 جم,https://www.noon.com/egypt-ar/white-beans-500-gram-yellow-lentils-500-gram-fava-beans-500-gram-bundle/ZF7A8979F09481E16A863Z/p/?o=f3501e818eb7d80b,198.00,ليس سيكريتس,500 جم,3,3,,,
noon,Grocery,"Dried Beans, Grains and Rice",فاصولياء بيضاء 500جرام,https://www.noon.com/egypt-ar/white-beans-500grams/N27665638A/p/?o=afe97c7a8725ccbd,52.25,زمزم,500 جرام,,,,4.1,16
noon,Grocery,"Dried Beans, Grains and Rice",عدس بجبة 250 جرام,https://www.noon.com/egypt-ar/brown-lentils-250g/Z73A16C683DA260B84C9CZ/p/?o=z73a16c683da260b84c9cz-1,17.25,أفندي,250 جرام,,,,4.2,7
noon,Grocery,"Dried Beans, Grains and Rice",أرز بني 500جرام,https://www.noon.com/egypt-ar/brown-rice-500grams/N42868089A/p/?o=c5869f6dc6d2deaa,71.00,سنبلة الفرات,500 جرام,,,,4.1,12
noon,Grocery,"Dried Beans, Grains and Rice",أرز طويل الحبة أبيض أكياس 1ك,https://www.noon.com/egypt-ar/white-long-grain-rice-bags-1kg/ZCAD5454FD3A0DDAEF560Z/p/?o=zcad5454fd3a0ddaef560z-1,119.00,مارفل,500 جرام,,,,4.8,5
noon,Grocery,"Dried Beans, Grains and Rice",أرز بسمتي ذهبي 1كيلوجرام,https://www.noon.com/egypt-ar/golden-basmati-rice-1kg/N47874315A/p/?o=e51f47035c8e032d,157.75,داريا,1 كيلوجرام,,,,4.2,28
noon,Grocery,"Dried Beans, Grains and Rice",Premium Egyptian Rice 1kg,https://www.noon.com/egypt-ar/premium-egyptian-rice-1kg/Z3A6BABDCAD431EB8735EZ/p/?o=z3a6babdcad431eb8735ez-1,36.95,Mexicana,1 kg,,,,4.0,231
noon,Grocery,"Dried Beans, Grains and Rice",أرز بسمتى أبيض سيلا 2 ك (برطمان),https://www.noon.com/egypt-ar/jar-sella-white-basmati-rice-2-kg/Z4146F11E68B547FFE96DZ/p/?o=z4146f11e68b547ffe96dz-1,300.00,زاري,2 كيلوجرام,,,,4.1,6
noon,Grocery,"Dried Beans, Grains and Rice",أرز أبيض مصري,https://www.noon.com/egypt-ar/egpytian-white-rice-5kg/N52406611A/p/?o=e55cd6477891c76d,220.00,حبوبة,5 كيلوجرام,,,,4.0,27
noon,Grocery,"Dried Beans, Grains and Rice",عدس أصفر,https://www.noon.com/egypt-ar/yellow-lentils-500grams/N52891267A/p/?o=ba99a6fd35a861de,50.00,الزعيم,500 جرام,,,,4.4,14
noon,Grocery,"Dried Beans, Grains and Rice",أرز بسمتي نقي 2كيلوجرام,https://www.noon.com/egypt-ar/bassmati-raw-rice-2kg/N49095961A/p/?o=fedce58e30d18f1a,338.00,دوبيلا,2 كيلوجرام,,,,4.2,18
noon,Grocery,"Dried Beans, Grains and Rice",عدس اصفر 500جرام,https://www.noon.com/egypt-ar/yellow-lentils-500-g/ZEB313D947272DA9CD809Z/p/?o=zeb313d947272da9cd809z-1,54.00,رجب العطار,500جرام,,,,4.6,20
noon,Grocery,"Dried Beans, Grains and Rice",أرز 5كيلوجرام,https://www.noon.com/egypt-ar/rice-5kg/N29047418A/p/?o=ccee79135d10f81d,213.00,كارما,5 كيلوجرام,,,,4.5,63
noon,Grocery,"Dried Beans, Grains and Rice",كيس أرز بنى 750 جرام,https://www.noon.com/egypt-ar/brown-rice-bag-750-grams/Z1DA952F4DEC3852E9AB7Z/p/?o=z1da952f4dec3852e9ab7z-1,96.00,امتنان,750 جرام,,,,4.5,11
noon,Grocery,"Dried Beans, Grains and Rice",قمح مبشور 500غرام,https://www.noon.com/egypt-ar/scraped-wheat-500grams/N30522036A/p/?o=c92a70e8974aedcc,44.00,ريحانة,500 جرام,,,,4.4,42
noon,Grocery,"Dried Beans, Grains and Rice",أرز طويل الحبة أبيض برطمان 2ك,https://www.noon.com/egypt-ar/white-long-grain-rice-jar-2kg/ZBF893E1018170FC7EC20Z/p/?o=zbf893e1018170fc7ec20z-1,225.00,مارفل,500 جرام,,,,4.4,6
noon,Grocery,"Dried Beans, Grains and Rice",حمص الشام 500غرام,https://www.noon.com/egypt-ar/chick-peas-500grams/N30522033A/p/?o=a7605fc98317299e,98.00,ريحانة,500 جرام,,,,4.3,26
noon,Grocery,"Dried Beans, Grains and Rice",أرز أبوكاس لمازا بسمتي هندي، 1 كجم | أرز طويل الحبة فاخر | عطري ومقرمش,https://www.noon.com/egypt-ar/abu-kass-indian-mazza-basmati-rice-1kg-premium-long-grain-rice-aromatic-fluffy/Z825D50219A8D6BE4EAA1Z/p/?o=e8bef4b67608c04f,248.35,أبــوكــاس,1 كجم,,,,4.5,2
noon,Grocery,"Dried Beans, Grains and Rice",عدس أصفر 500جرام,https://www.noon.com/egypt-ar/yellow-lentils-500grams/N30522029A/p/?o=b7584cc4e4eff4cd,45.25,ريحانة,500 جرام,,,,4.4,64
noon,Grocery,"Dried Beans, Grains and Rice",Mr. Food Bulgur - 500g.,https://www.noon.com/egypt-ar/mr-food-bulgur-500g/Z407D5FD35DB39D18CEC6Z/p/?o=z407d5fd35db39d18cec6z-1,33.95,Mr. Food,500 grams,,,,3.6,28
noon,Grocery,"Dried Beans, Grains and Rice",,https://www.noon.com/egypt-ar/beyti-white-rice-320g/Z4DDE368C172E0D980C89Z/p/?o=z4dde368c172e0d980c89z-1,,,,,,,,
noon,Grocery,"Dried Beans, Grains and Rice",فول تدميس مصري 500غرام,https://www.noon.com/egypt-ar/egyptian-fava-beans-500grams/N27719616A/p/?o=d4d2e883c6841fea,70.00,الضحى,500 جرام,,,,4.4,34
noon,Grocery,"Dried Beans, Grains and Rice",ارز مصري ابيض 5ك,https://www.noon.com/egypt-ar/premium-egyptian-rice-5k/Z48DD2BD116A7A5A8C134Z/p/?o=z48dd2bd116a7a5a8c134z-1,172.95,ميكسيكانا,5 كيلوجرام,,,,4.0,231
noon,Grocery,"Dried Beans, Grains and Rice",بازلاء سوداء العينين,https://www.noon.com/egypt-ar/black-eyed-peas-500grams/N52891269A/p/?o=a2694d0219d963fa,67.00,الزعيم,500 جرام,,,,4.6,13
noon,Grocery,"Dried Beans, Grains and Rice",Indian Basmati Rice 1Kg,https://www.noon.com/egypt-ar/indian-basmati-rice-1kg/Z8DC2C92FDC27E767E37DZ/p/?o=z8dc2c92fdc27e767e37dz-1,119.95,Mr. Food,1 kg,,,,4.5,42
noon,Grocery,"Dried Beans, Grains and Rice",عدس أصفر 500جرام,https://www.noon.com/egypt-ar/yellow-lentil-500grams/N28991888A/p/?o=bfced42d7061166c,55.25,شهي,500 جرام,,,,4.4,10
noon,Grocery,"Dried Beans, Grains and Rice",أرز 5كيلوجرام,https://www.noon.com/egypt-ar/rice-5kg/N29047422A/p/?o=f3a89520cf2ca2ed,191.00,الدار,5 كيلوجرام,,,,3.8,56
noon,Grocery,"Dried Beans, Grains and Rice",فاصوليا بيضاء - 500جرام,https://www.noon.com/egypt-ar/white-kidney-bean-500grams/Z4759662C2051C87B1D39Z/p/?o=z4759662c2051c87b1d39z-1,49.95,مستر فود,500 جرام,,,,4.2,39
noon,Grocery,"Dried Beans, Grains and Rice",هارتس أوف بالم رايس 227جرام,https://www.noon.com/egypt-ar/hearts-of-palm-rice-227grams/N51204925A/p/?o=c9352a6efbe00e6a,148.00,بالميني,227 جرام,,,,4.5,2
noon,Grocery,"Dried Beans, Grains and Rice",Fava Beans 250g,https://www.noon.com/egypt-ar/fava-beans-250g/ZCF33BAF1C7284495860CZ/p/?o=zcf33baf1c7284495860cz-1,15.00,Afandy,250 grams,,,,3.3,12
noon,Grocery,"Dried Beans, Grains and Rice",Egpytian White Rice 1kg,https://www.noon.com/egypt-ar/egpytian-white-rice-1kg/N52406598A/p/?o=a7204d603818a4ef,44.00,حبوبة,1 كيلوجرام,,,,4.0,19
noon,Grocery,"Dried Beans, Grains and Rice",أرز 1كيلوجرام,https://www.noon.com/egypt-ar/rice-1kg/N29047417A/p/?o=c42fc79744603c7e,43.00,كارما,1 كيلوجرام,,,,4.5,99
noon,Grocery,"Dried Beans, Grains and Rice",ارز مصري ابيض 1ك,https://www.noon.com/egypt-ar/egyptian-white-rice-1k/ZC7FF670FABBF59645FE6Z/p/?o=zc7ff670fabbf59645fe6z-1,39.95,فوود لاند,500 جرام,,,,4.1,101
noon,Grocery,"Dried Beans, Grains and Rice",عدس أحمر 500 جرام,https://www.noon.com/egypt-ar/red-lentils-500gm/Z994061725CE76226DE73Z/p/?o=b599fab2ed1e0c9c,70.00,دايما,500 جرام,,,,,
noon,Grocery,"Dried Beans, Grains and Rice",أرز بسمتى ذهبي سيلا 1 ك (برطمان),https://www.noon.com/egypt-ar/jar-sella-golden-basmati-rice-1-kg/ZADB13B4EC95A56C8F222Z/p/?o=zadb13b4ec95a56c8f222z-1,160.00,زاري,1 كيلوجرام,,,,4.8,8
noon,Grocery,"Dried Beans, Grains and Rice",فول مدمس 500 جرام,https://www.noon.com/egypt-ar/fava-beans500g/Z6C5003818E5A13CCA42FZ/p/?o=z6c5003818e5a13cca42fz-1,40.00,رجب العطار,500 جرام,,,,4.0,18
noon,Grocery,"Dried Beans, Grains and Rice",أرز أبيض مصرى اك,https://www.noon.com/egypt-ar/egyptian-white-rice-1kg/Z9212D2DCC73817429200Z/p/?o=z9212d2dcc73817429200z-1,39.85,مستر فود,500 جرام,,,,4.8,4
noon,Grocery,"Dried Beans, Grains and Rice",أرز بسمتى أبيض 500 جم (برطمان),https://www.noon.com/egypt-ar/jar-white-basmati-rice-500-gm/ZBE8BBBCD5FCE77C44C69Z/p/?o=zbe8bbbcd5fce77c44c69z-1,90.00,زاري,500 جرام,,,,4.7,7
noon,Grocery,"Dried Beans, Grains and Rice",ريتش أرز بني كارجو 500 جرام,https://www.noon.com/egypt-ar/rich-brown-rice-cargo-500g/Z492563BE9AC8760CEE8FZ/p/?o=z492563be9ac8760cee8fz-1,68.43,ريتش,500 جرام,,,,4.6,2
noon,Grocery,"Dried Beans, Grains and Rice",أرز بسمتي ذهبي 1كيلوجرام,https://www.noon.com/egypt-ar/basmati-golden-rice-1kg/N35958676A/p/?o=d490cf1ec2c9c6ac,155.75,دوبيلا,1 كيلوجرام,,,,4.4,23
noon,Grocery,"Dried Beans, Grains and Rice",أرز بسمتي هندي ذهبي 1 كجم,https://www.noon.com/egypt-ar/indian-golden-basmati-rice-1-kg/ZE1484B74B5910F62AE22Z/p/?o=e371306d80ce4c4d,119.25,مهناز,1,,,,,
noon,Grocery,"Dried Beans, Grains and Rice",أرز بسمتي أبيض 1كيلوجرام,https://www.noon.com/egypt-ar/basmati-white-rice-1kg/N47944394A/p/?o=d5403afe0d00219a,103.95,أضياف,1 كيلوجرام,,,,3.9,20
noon,Grocery,"Dried Beans, Grains and Rice",أرز كشري اسكندراني 320 جرام,https://www.noon.com/egypt-ar/koshary-eskandrany-rice-320g/Z248484B4A4F0DBFCBD81Z/p/?o=z248484b4a4f0dbfcbd81z-1,36.75,الضحى,320 جرام,,,,4.2,15
noon,Grocery,"Dried Beans, Grains and Rice",أرز بسمتي ذهبي 5كيلوجرام,https://www.noon.com/egypt-ar/basmati-rice-golden-5kg/N47707267A/p/?o=b661e428466a075d,700.00,داريا,5 كيلوجرام,,,,4.5,91
noon,Grocery,"Dried Beans, Grains and Rice",عدس بجبة 500جرام,https://www.noon.com/egypt-ar/brown-lentils-500grams/N30522030A/p/?o=b196eb6499268a2c,52.00,ريحانة,500 جرام,,,,4.4,37
noon,Grocery,"Dried Beans, Grains and Rice",ارز ابيض مصري 900 جرام (عبوه من 2),https://www.noon.com/egypt-ar/egyptian-white-rice-900-gm-bundle/Z3B5AB1938EB9DA836449Z/p/?o=b0296fa1e00dea6d,61.90,الأرز النيء,900 جرام,,,,,
noon,Grocery,"Dried Beans, Grains and Rice",أرز بسمتي ذهبي برطمان 1ك,https://www.noon.com/egypt-ar/basmati-golden-rice-jar-1kg/Z96282C0EE3F0ED947247Z/p/?o=z96282c0ee3f0ed947247z-1,185.00,مارفل,500 جرام,,,,5.0,2
noon,Grocery,"Dried Beans, Grains and Rice",حمص,https://www.noon.com/egypt-ar/chickpeas-500grams-single/N52891263A/p/?o=b7a4f24ada60e2fa,67.00,الزعيم,500 جرام,,,,4.6,15
noon,Grocery,"Dried Beans, Grains and Rice",فول مجروش 500جرام,https://www.noon.com/egypt-ar/crushed-beans-500grams/N30522032A/p/?o=b90e4f853206fb2e,41.95,ريحانة,500 جرام,,,,4.2,44
noon,Grocery,"Dried Beans, Grains and Rice",أرز بنجابي المهيدب بسمتي أبيض هندي – عبوة 5 كجم – حبة طويلة ونقية – أرز بسمتي فاخر للكبسة والعزومات – طعم أصلي وقوام مثالي,https://www.noon.com/egypt-ar/punjabi-al-muhaidib-indian-white-basmati-rice-5kg-bag-long-grain-premium-quality-ideal-for-kabsa-biryani-and-authentic-oriental-dishes/ZFD1F3F8515A083CB7E7CZ/p/?o=d86dbd4f947b40df,1099.00,بنجابي المهيدب,المثالي (5 كجم): حجم عملي ومناسب جداً للعائلات التي تبحث عن الجودة والتوفير في آن واحد.,,,,,
noon,Grocery,"Dried Beans, Grains and Rice",فريك - 500 جرام,https://www.noon.com/egypt-ar/dry-freekeh-500g/Z2AA06D426B2B9FEBC78EZ/p/?o=z2aa06d426b2b9febc78ez-1,54.95,مستر فود,500 جرام,,,,3.5,58
noon,Grocery,"Dried Beans, Grains and Rice",تقسيم الفاصوليا,https://www.noon.com/egypt-ar/split-beans-500grams-single/N52891266A/p/?o=f69db95854de565b,42.75,الزعيم,500 جرام,,,,4.3,13
noon,Grocery,"Dried Beans, Grains and Rice",أرز 5كيلوجرام,https://www.noon.com/egypt-ar/rice-5kg/N29047424A/p/?o=df45cde2d672988a,209.00,أليا,5 كيلوجرام,,,,4.1,113
noon,Grocery,"Dried Beans, Grains and Rice",ارز بسمتي هندي 800 جرام,https://www.noon.com/egypt-ar/indian-basmatic-rice-800g/Z745CAF424A7744410115Z/p/?o=z745caf424a7744410115z-1,117.75,حاج عرفة,800 جرام,,,,4.6,2
noon,Grocery,"Dried Beans, Grains and Rice",مجموعة من 3 أرز أبيض 1 كجم,https://www.noon.com/egypt-ar/bundle-of-3-white-rice-1k/ZB178CF7E012E47DD964FZ/p/?o=zb178cf7e012e47dd964fz-1,99.95,‫بيسكارا,1 كجم,3,3,,,
noon,Grocery,"Dried Beans, Grains and Rice",أرز بسمتي 1ك,https://www.noon.com/egypt-ar/basmati-rice-1kg/ZC693ECC99755E2C9940EZ/p/?o=zc693ecc99755e2c9940ez-1,151.25,دايما,1 كيلوجرام,,,,4.3,27
noon,Grocery,"Dried Beans, Grains and Rice",أرز أبيض مصري 1 ك,https://www.noon.com/egypt-ar/egyptian-white-rice-1kg/Z43B7759A1B7F79AD193FZ/p/?o=z43b7759a1b7f79ad193fz-1,37.00,رجب العطار,1 كيلوجرام,,,,4.6,18
noon,Grocery,"Dried Beans, Grains and Rice",الأرز الخام,https://www.noon.com/egypt-ar/raw-rice-1kg-single/N52738734A/p/?o=b724c762e77b2d7f,54.25,الزعيم,1 كيلوجرام,,,,4.7,12
noon,Grocery,"Dried Beans, Grains and Rice",أرز مصري 5كيلوجرام,https://www.noon.com/egypt-ar/egyptian-rice-5kg/N51285874A/p/?o=bdf4c57f8c1eee0f,190.00,التكية,5 كيلوجرام,,,,3.3,133
noon,Grocery,"Dried Beans, Grains and Rice",أرز كارنارولي 1 كجم,https://www.noon.com/egypt-ar/carnaroli-rice-1kg/Z1F55A7DC9BD5DA9F24ADZ/p/?o=z1f55a7dc9bd5da9f24adz-1,415.25,ريسو سكوتي,1 كيلوجرام,,,,5.0,2
noon,Grocery,"Dried Beans, Grains and Rice",Brown Lentils 500 grams,https://www.noon.com/egypt-ar/brown-lentils-500-grams/Z7E5E7F68A2E8F4214AA7Z/p/?o=z7e5e7f68a2e8f4214aa7z-1,48.00,Ragab El Attar,500 g,,,,4.7,12
noon,Grocery,"Dried Beans, Grains and Rice",أرز بسمتي نقي 2كيلوجرام,https://www.noon.com/egypt-ar/bassmati-raw-rice-2kg/N49095960A/p/?o=fd55db758ed7569e,338.00,دوبيلا,2 كيلوجرام,,,,4.1,27
noon,Grocery,"Dried Beans, Grains and Rice",أرز تايلاندي أبيض جاف طويل الحبة 1كيلوجرام فردي,https://www.noon.com/egypt-ar/dry-long-grain-white-thai-rice-1kg-single/N43752179A/p/?o=bedb343d458ea37d,102.50,داريا,1 كيلوجرام,,,,3.9,19
noon,Grocery,"Dried Beans, Grains and Rice",حمص الشام,https://www.noon.com/egypt-ar/chick-peas/Z0CA25B03799555F1B9A7Z/p/?o=z0ca25b03799555f1b9a7z-1,77.00,رجب العطار,500 جرام,,,,4.3,14
noon,Grocery,"Dried Beans, Grains and Rice",الفاصوليا البيضاء,https://www.noon.com/egypt-ar/white-beans-500inch-single/N52891265A/p/?o=f0beb27f6cc712ec,77.25,الزعيم,500 بوصة,,,,4.5,11
noon,Grocery,"Dried Beans, Grains and Rice",برطمان أرز تايلاندي ذهبي طويل الحبة - 1 كجم,https://www.noon.com/egypt-ar/golden-thai-long-grain-rice-jar-1-kg/ZA3A7A22B4AF8F239BBBBZ/p/?o=za3a7a22b4af8f239bbbbz-1,104.95,مستر فود,1 كيلوجرام,,,,4.4,32
noon,Grocery,"Dried Beans, Grains and Rice",ارز بسمتي هندي سيلا 5 كجم,https://www.noon.com/egypt-ar/fiesta-sella-basmati-rice-5k/Z5FB6305008679E106B36Z/p/?o=c23a3119d51749ec,697.00,تاج محل,5,,,,,
noon,Grocery,"Dried Beans, Grains and Rice",عدس اصفر 500 جرام,https://www.noon.com/egypt-ar/yellow-lentils-500gm/Z19FFCE9E0F1ECEA32F60Z/p/?o=z19ffce9e0f1ecea32f60z-1,79.00,حاج عرفة,500 جرام,,,,2.6,4
noon,Grocery,"Dried Beans, Grains and Rice",كيس حبوب فول مجفف 500جرام,https://www.noon.com/egypt-ar/dry-broad-bean-grain-500grams/N29762501A/p/?o=c3e7e57fc95808ee,45.25,شهي,500 جرام,,,,4.0,12
noon,Grocery,"Dried Beans, Grains and Rice",أرز 1كيلوجرام,https://www.noon.com/egypt-ar/rice-1kg/N29047423A/p/?o=b7564c479a08065f,42.00,أليا,1 كيلوجرام,,,,4.1,100
noon,Grocery,"Dried Beans, Grains and Rice",أرز هندي – أرز طبيعي عالي الجودة 900 جرام,https://www.noon.com/egypt-ar/indian-rice-premium-quality-natural-rice-900g/ZFE5FFFD78B7AF7A828BDZ/p/?o=zfe5fffd78b7af7a828bdz-1,195.00,هيلثي,900 جرام,,,,5.0,1
noon,Grocery,"Dried Beans, Grains and Rice",عدس بجبه 500 جرام,https://www.noon.com/egypt-ar/black-lentils-500gm/Z063AD472B52018F6B460Z/p/?o=z063ad472b52018f6b460z-1,73.00,حاج عرفة,500 جرام,,,,5.0,2
noon,Grocery,"Dried Beans, Grains and Rice",أرز بسمتى ذهبى سيلا 1 ك,https://www.noon.com/egypt-ar/sella-golden-basmati-rice-1-kg/Z14D23F843BF107EBAA0BZ/p/?o=z14d23f843bf107ebaa0bz-1,160.00,زاري,1 كيلوجرام,,,,4.3,20
noon,Grocery,"Dried Beans, Grains and Rice",أرز بسمتي سيلا اكياس 1ك,https://www.noon.com/egypt-ar/basmati-sella-rice-bags-1kg/Z84F12D77BBC5CDBDBA6AZ/p/?o=z84f12d77bbc5cdbdba6az-1,169.00,مارفل,500 جرام,,,,5.0,7
noon,Grocery,"Dried Beans, Grains and Rice",أرز بسمتي 5كيلوجرام,https://www.noon.com/egypt-ar/basmati-rice-5kg/N29834274A/p/?o=be705d046175f77f,730.00,شهي,5 كيلوجرام,,,,3.6,11
noon,Grocery,"Dried Beans, Grains and Rice",أرز أبو كاس مزة بسمتي – 2 كجم أرز هندي بسمتي درجة أولى طويل الحبة للمندي والكبسة,https://www.noon.com/egypt-ar/abu-kass-mazza-basmati-rice-2kg-premium-long-grain-sella-rice-for-authentic-mandi-and-kabsa/ZEBA6B01344E3314ECB24Z/p/?o=f051898e717fbd5d,429.99,أبــوكــاس,2 كجم,5,5,,4.5,2
noon,Grocery,"Dried Beans, Grains and Rice",أرز بسمتي هندي 1كيلوجرام,https://www.noon.com/egypt-ar/indian-basmati-rice-1kg/N46544486A/p/?o=fba65783ccfd3d7f,164.00,507 جولد,1 كيلوجرام,,,,4.6,5
noon,Grocery,"Dried Beans, Grains and Rice",فول مدمس,https://www.noon.com/egypt-ar/fava-beans-500grams-single/N52738735A/p/?o=e2e9ca7050b8211a,39.00,الزعيم,500 جرام,,,,4.1,16
noon,Grocery,"Dried Beans, Grains and Rice",ارز باسمتي ذهبي هندي 1 كجم,https://www.noon.com/egypt-ar/bassmati-golden-rice-1-kg/Z908F192FA98009362A1DZ/p/?o=z908f192fa98009362a1dz-1,163.00,دوبيلا,1 كيلوجرام,,,,,
noon,Grocery,"Dried Beans, Grains and Rice",فاصوليا بيضاء مصرية 500جرام,https://www.noon.com/egypt-ar/egyptian-white-beans-500grams/N27719612A/p/?o=f342bec7145bf33a,95.00,الضحى,500 جرام,,,,4.7,31
noon,Grocery,"Dried Beans, Grains and Rice",Jar Golden Basmati Rice 2 kg,https://www.noon.com/egypt-ar/jar-golden-basmati-rice-2-kg/Z3A55959012E905B769F9Z/p/?o=z3a55959012e905b769f9z-1,300.00,ZARY,2 kg,,,,4.3,20
noon,Grocery,"Dried Beans, Grains and Rice",Black Eyed Peas 500GM,https://www.noon.com/egypt-ar/black-eyed-peas-500gm/ZECE038E6B2CD017EC3B6Z/p/?o=e7e5508ac3337ace,89.00,Dayma,500G,,,,,
noon,Grocery,"Dried Beans, Grains and Rice",أرز ذهبي 1كيلوجرام,https://www.noon.com/egypt-ar/golden-rice-1kg/N29834275A/p/?o=f2a9ebd6c203cf7f,93.25,شهي,1 كيلوجرام,,,,4.2,35
noon,Grocery,"Dried Beans, Grains and Rice",أرز طويل الحبة ذهبى 5 ك,https://www.noon.com/egypt-ar/golden-long-grain-rice-5-kg/ZCFBA81EF9B55DAD3436BZ/p/?o=zcfba81ef9b55dad3436bz-1,506.00,زاري,5 كيلوجرام,,,,4.2,11
noon,Grocery,"Dried Beans, Grains and Rice",فول تدميس - 500جرام,https://www.noon.com/egypt-ar/fava-beans-500grams/ZE7D709A532A3D1D434DBZ/p/?o=ze7d709a532a3d1d434dbz-1,43.50,مستر فود,500 جرام,,,,4.1,48
noon,Grocery,"Dried Beans, Grains and Rice",فول مطحون 500جرام,https://www.noon.com/egypt-ar/crushed-beans-500grams/N27665634A/p/?o=b0d7ccda1a743e2d,36.50,زمزم,500 جرام,,,,4.1,26
noon,Grocery,"Dried Beans, Grains and Rice",حمص مجفف 500جرام,https://www.noon.com/egypt-ar/dry-chickpea-500grams/N28991961A/p/?o=f33ec4891a298bec,82.25,شهي,500 جرام,,,,4.4,9
noon,Grocery,"Dried Beans, Grains and Rice",فاصوليا بيضاء 500 جرام,https://www.noon.com/egypt-ar/white-beans-500gm/ZCBBC807AE9ADE078BA46Z/p/?o=zcbbc807ae9ade078ba46z-1,119.00,حاج عرفة,500 جرام,,,,4.5,2
noon,Grocery,"Dried Beans, Grains and Rice",بوبيا مصرية 500جرام,https://www.noon.com/egypt-ar/egyptian-lobia-500grams/N30522028A/p/?o=d86cce1a5c84e2fa,99.00,ريحانة,500 جرام,,,,4.6,27
noon,Grocery,"Dried Beans, Grains and Rice",أرز أبيض 1كيلوجرام,https://www.noon.com/egypt-ar/white-rice-1kg/N29595699A/p/?o=eda32b54bee7806f,42.00,شهي,1 كيلوجرام,,,,3.7,9
noon,Grocery,"Dried Beans, Grains and Rice",لوبيا 500جرام,https://www.noon.com/egypt-ar/lobia-black-eye-beans-500g/Z91D6498AD6AF64D93A8EZ/p/?o=z91d6498ad6af64d93a8ez-1,93.00,رجب العطار,500جرام,,,,5.0,1
noon,Grocery,"Dried Beans, Grains and Rice",لوبيا 500غرام,https://www.noon.com/egypt-ar/dry-lobia-black-eye-peas-500grams/N27719613A/p/?o=d4d13fb9298cf38e,99.00,الضحى,500 جرام,,,,4.5,21
noon,Grocery,"Dried Beans, Grains and Rice",أرز طويل الحبة ذهبى برطمان 2ك,https://www.noon.com/egypt-ar/golden-long-grain-rice-jar-2kg/Z2FB477525B4D0C8A5708Z/p/?o=z2fb477525b4d0c8a5708z-1,225.00,مارفل,500 جرام,,,,4.2,7
noon,Grocery,"Dried Beans, Grains and Rice",basmati rice,https://www.noon.com/egypt-ar/basmati-rice/Z0A1DACB8D30730A29217Z/p/?o=z0a1dacb8d30730a29217z-1,130.00,Ragab El Attar,500 جرام,,,,4.2,11
noon,Grocery,"Dried Beans, Grains and Rice",عرض التوفير 6 عبوات رايس كيك مملح,https://www.noon.com/egypt-ar/fit-rice-cake-salted-saving-offer-6-packs/Z5F6C399EB2C9CEE73984Z/p/?o=f93710b06a863b8b,255.00,اللؤلؤة,500 جرام,15,15,,,
noon,Grocery,"Dried Beans, Grains and Rice",أرز بسمتي ذهبى برطمان 2ك,https://www.noon.com/egypt-ar/basmati-golden-rice-jar-2kg/Z26166AE7431A8F1F5467Z/p/?o=z26166ae7431a8f1f5467z-1,295.00,مارفل,500 جرام,,,,4.2,15
noon,Grocery,"Dried Beans, Grains and Rice",فاصوليا مجففة 500جرام,https://www.noon.com/egypt-ar/dry-beans-500grams/N28991957A/p/?o=d718f519600510bb,103.25,شهي,500 جرام,,,,3.6,5
noon,Grocery,"Dried Beans, Grains and Rice",أرز طويل الحبة أبيض برطمان 1ك,https://www.noon.com/egypt-ar/white-long-grain-rice-jar-1kg/Z793CB860E3D225E0B541Z/p/?o=z793cb860e3d225e0b541z-1,139.00,مارفل,500 جرام,,,,4.4,6
noon,Grocery,"Dried Beans, Grains and Rice",عرض فول تدميس ( 2 عبوة × 500 جرام),https://www.noon.com/egypt-ar/bundle-of-2-pcs-fava-beans-500-g/Z1C1D5A9DBC6F8A335948Z/p/?o=z1c1d5a9dbc6f8a335948z-1,79.95,مستر فود,500 جرام,,,,3.9,48
noon,Grocery,"Dried Beans, Grains and Rice",أرز بسمتي 1كيلوجرام,https://www.noon.com/egypt-ar/basmati-rice-1kg/N29595700A/p/?o=a4d0b70c7ac19c1a,144.50,شهي,1 كيلوجرام,,,,3.4,8
noon,Grocery,"Dried Beans, Grains and Rice",لوبيا 500 جرام,https://www.noon.com/egypt-ar/black-eye-beans-500-gram/ZEE30F570366694DA3917Z/p/?o=zee30f570366694da3917z-1,90.00,حاج عرفة,500 جرام,,,,4.6,7
noon,Grocery,"Dried Beans, Grains and Rice",فاصولياء بيضاء 500جرام,https://www.noon.com/egypt-ar/white-beans-15-discount-500grams/N30522027A/p/?o=c68fbe3adca2027b,84.00,ريحانة,500 جرام,,,,4.7,40
noon,Grocery,"Dried Beans, Grains and Rice",حبوب الفاصوليا السوداء 500جرام,https://www.noon.com/egypt-ar/black-eyed-beans-500grams/N27665637A/p/?o=a8cdbe03d01d005c,50.00,زمزم,500 جرام,,,,4.3,18
noon,Grocery,"Dried Beans, Grains and Rice",أرز بسمتي نصف مسلوق 1كيلوجرام فردي,https://www.noon.com/egypt-ar/parboiled-basmati-rice-1kg-single/N46544493A/p/?o=ffc6e02d8883e68b,169.00,507 جولد,1 كيلوجرام,,,,4.8,10
noon,Grocery,"Dried Beans, Grains and Rice",عدس بني 500جرام,https://www.noon.com/egypt-ar/brown-lentil-500grams/N28991890A/p/?o=e3b416dba246ce8e,54.25,شهي,500 جرام,,,,3.9,10
noon,Grocery,"Dried Beans, Grains and Rice",فاصوليا بيضاء 500GM,https://www.noon.com/egypt-ar/white-beans-500gm/ZD04C87D0F6E7867A7D86Z/p/?o=a1fd62fc9ab69b3d,96.00,دايما,500G,,,,,
noon,Grocery,"Dried Beans, Grains and Rice",عدس بني 500 جرام,https://www.noon.com/egypt-ar/brown-lentils-500gm/ZBAFAFEC4F1EDCDD6AB23Z/p/?o=d945322cbafc4eda,68.00,دايما,500 جرام,,,,,
noon,Grocery,"Dried Beans, Grains and Rice",عدس أصفر 500 جرام,https://www.noon.com/egypt-ar/yellow-lentils-500-grams/Z41AA3396C924EB72D0FFZ/p/?o=z41aa3396c924eb72d0ffz-1,55.00,التحية,500 جرام,,,,,
noon,Grocery,"Dried Beans, Grains and Rice",ترمس مع برطمان زجاجي - 360 جرام,https://www.noon.com/egypt-ar/lupine-with-glass-jar-360-grams/Z281EC677661171D632E8Z/p/?o=z281ec677661171d632e8z-1,50.00,جاردينيا,360 جرام,,,,,
noon,Grocery,"Dried Beans, Grains and Rice",ترمس 500جرام,https://www.noon.com/egypt-ar/lupin-beans-500grams/N34418118A/p/?o=cf98b7b8a31126cf,51.95,فجر,500 جرام,,,,3.7,3
noon,Grocery,"Dried Beans, Grains and Rice",حزمة من 3 أنواع من الحبوب - 500 جرام,https://www.noon.com/egypt-ar/3-500/Z0F1FCDF509877D1F809BZ/p/?o=z0f1fcdf509877d1f809bz-1,116.95,مستر فود,500 جرام,,,,4.7,3
noon,Grocery,"Dried Beans, Grains and Rice",أرز طويل الحبة ذهبى برطمان 1ك,https://www.noon.com/egypt-ar/1/ZE556CD3957AD4D5F5296Z/p/?o=ze556cd3957ad4d5f5296z-1,139.00,مارفل,500 جرام,,,,5.0,1
noon,Grocery,"Dried Beans, Grains and Rice",فول مدشوش 250 جرام,https://www.noon.com/egypt-ar/split-beans-250g/Z1140AFBC70C2B4ECD775Z/p/?o=z1140afbc70c2b4ecd775z-1,16.25,أفندي,250 جرام,,,,4.1,15
noon,Grocery,"Dried Beans, Grains and Rice",لوبيا - 500جرام,https://www.noon.com/egypt-ar/black-eyed-beans-500g/Z6F821FAB30C674DA6756Z/p/?o=z6f821fab30c674da6756z-1,49.95,مستر فود,500 جرام,,,,4.2,38
noon,Grocery,"Dried Beans, Grains and Rice",عدس بجبه 500 جرام,https://www.noon.com/egypt-ar/500/Z6B63B5D21723F592C4FEZ/p/?o=z6b63b5d21723f592c4fez-1,37.50,مستر فود,500 جرام,,,,4.2,28
noon,Grocery,"Dried Beans, Grains and Rice",عدس بجبه 500 جرام,https://www.noon.com/egypt-ar/brown-lentils-500-grams/Z7A1467F84C7B0245F885Z/p/?o=z7a1467f84c7b0245f885z-1,51.00,التحية,500 جرام,,,,4.7,5
noon,Grocery,"Dried Beans, Grains and Rice",أرز بسمتي سيلا برطمان 1ك,https://www.noon.com/egypt-ar/1/ZA22BC45E5B7E5C03E1E8Z/p/?o=za22bc45e5b7e5c03e1e8z-1,185.00,مارفل,500 جرام,,,,5.0,2
noon,Grocery,"Dried Beans, Grains and Rice",أرز بسمتى ذهبى 5 ك,https://www.noon.com/egypt-ar/5/ZA8AFFD59681011B44DC1Z/p/?o=za8affd59681011b44dc1z-1,685.00,زاري,5 كيلوجرام,,,,4.6,6
noon,Grocery,"Dried Beans, Grains and Rice",أرز طويل الحبة ذهبي أكياس 1ك,https://www.noon.com/egypt-ar/1/Z1A66724E744D735400C9Z/p/?o=z1a66724e744d735400c9z-1,119.00,مارفيل,500 جرام,,,,4.3,5
noon,Grocery,"Dried Beans, Grains and Rice",أرز الشعلان فاخر – أرز أبيض طويل الحبة، 5 كجم – طازج ومتفلفل طبيعي، مثالي للطهي اليومي والأطباق الشرق أوسطية التقليدية,https://www.noon.com/egypt-ar/al-shalaan-premium-long-grain-white-rice-5kg-bag-fresh-naturally-fluffy-ideal-for-daily-cooking-and-middle-eastern-dishes/Z2544BC1C821D2A640996Z/p/?o=ca5818520e17831b,1720.57,الشعلان,5 كجم,,,,5.0,1
noon,Grocery,"Dried Beans, Grains and Rice",أرز الوليمة بسمتي 2 كجم – حبوب طويلة فاخرة – قوام مفلفل غير لاصق – مثالي للكَبسة والبرياني والطبخ اليومي,https://www.noon.com/egypt-ar/al-walimah-basmati-rice-2kg-premium-long-grain-aromatic-rice-extra-fluffy-non-sticky-ideal-for-kabsa-biryani-daily-cooking/Z02439F389656783ED50FZ/p/?o=f8c1053d4d55eb5c,622.66,الوليمة,2 كجم,,,,,
noon,Grocery,"Dried Beans, Grains and Rice",امتنان أرز بني - 750 جرام (جديد),https://www.noon.com/egypt-ar/imtenan-brown-rice-750-gm-new/Z887CA681234D05F1BFC9Z/p/?o=d280f985996ae9ae,197.00,امتنان,750 جرام,,,,,
noon,Grocery,"Dried Beans, Grains and Rice",أرز بسمتي طويل الحبة - ذهبي 1كج,https://www.noon.com/egypt-ar/basmati-rice-long-grain-golden-sella-1kg/ZEE5E29EC27FA59791FB5Z/p/?o=f30320b34b6fbbee,130.00,ضيوفي,1 كيلوجرام,,,,,
noon,Grocery,"Dried Beans, Grains and Rice","Bob's Red Mill Raw Whole Brown Flaxseed, 13-ounce",https://www.noon.com/egypt-ar/bob-s-red-mill-raw-whole-brown-flaxseed-13-ounce/Z2E64BA51CB18D6601E30Z/p/?o=fd7df64ada4d61cd,2412.00,Bob's Red Mill,500 جرام,,,,,
noon,Grocery,"Dried Beans, Grains and Rice",حاوية أرز سعة 5 كجم، صندوق تخزين بلاستيكي، مصنوع من مواد آمنة غذائيًا، تصميم قابل للتكديس، مقاوم للغبار والحشرات، سهل الدفع والسحب، سعة كبيرة (25 سم عرضًا / 20 سم طولًا / 15 سم عمقًا),https://www.noon.com/egypt-ar/5-25-20-15/ZD641EEEA5A1C48E5B0A3Z/p/?o=cb59253ffee7217c,1328.20,الأرز النيء,5 كجم,,,,,
noon,Grocery,"Dried Beans, Grains and Rice",كرتونة رمضان – 14 كيلو، 24 قطعة تشمل رز، مكرونة، سكر، دقيق، زيت، سمنة، فول، فاصوليا، برطمان صلصة، شاي، ملح ومرقة لحمة,https://www.noon.com/egypt-ar/ramadan-family-carton-14-kg-24-items-including-rice-pasta-sugar-flour-oil-ghee-beans-tomato-paste-tea-salt-meat-stock/Z6337E16FD64114A7274DZ/p/?o=b52117963450526a,830.00,الأرز النيء,14 كيلو,24,24,,,
noon,Grocery,"Dried Beans, Grains and Rice",أرز الوليمة بسمتي سيلا هندي 5 كجم – أرز فاخر طويل الحبة معتق، عطري وغير لاصق، مثالي للمندي والكبسة والبرياني والطهي اليومي – جودة عالية مستورد,https://www.noon.com/egypt-ar/alwalimah-indian-sella-basmati-rice-5kg-premium-long-grain-aged-basmati-rice-aromatic-non-sticky-ideal-for-kabsa-biryani-daily-cooking-high-quality-imported-rice/Z933693D5F2F7BF4DE1FBZ/p/?o=bf8d2383d5c522fc,1122.22,الوليمة,5 كجم,,,,,
noon,Grocery,"Dried Beans, Grains and Rice",بديل الأرز بالكوسة والحمص والبروكلي بريميوم من دكتور فودز – 250 جرام | نباتي | بديل مغذي للأرز,https://www.noon.com/egypt-ar/dr-foods-premium-zucchini-hummus-broccoli-rice-alternative-250g-vegan-friendly-nutritious-rice-substitute/ZE41D9F815A68C8F64148Z/p/?o=ze41d9f815a68c8f64148z-1,290.00,دكتور فودز,250 جرام,,,,,
noon,Grocery,"Dried Beans, Grains and Rice",عرض الأسرة - 12 عبوة رايس كيك سادة ومملح بسعر 9 عبوات,https://www.noon.com/egypt-ar/fit-rice-cake-12-packs-for-the-price-of-9-plain-salted/Z31971F08157240AA5299Z/p/?o=aaf6c109bf690aac,400.00,اللؤلؤة,500 جرام,15,15,,,
noon,Grocery,"Dried Beans, Grains and Rice",Premium Ramadan Food Essentials Bundle - Comprehensive Household Grocery Box,https://www.noon.com/egypt-ar/premium-ramadan-food-essentials-bundle-comprehensive-household-grocery-box/ZAD7A0FC3A8A13E5AB0A0Z/p/?o=cd01c00312ab59fd,995.00,Generic,500 جرام,,,,,
noon,Grocery,"Dried Beans, Grains and Rice",حاوية أرز سعة 5 كجم، صندوق تخزين بلاستيكي، مصنوع من مواد آمنة غذائيًا، تصميم قابل للتكديس، مقاوم للغبار والحشرات، سهل الدفع والسحب، سعة كبيرة (25 سم عرضًا / 20 سم طولًا / 15 سم عمقًا),https://www.noon.com/egypt-ar/rice-container-5-kg-plastic-storage-box-food-grade-materials-stackable-design-dust-and-insect-proof-easy-to-push-and-pull-large-size-capacity-25-wide-20-length-15-depth/Z3610DDC267B59A3C0ED9Z/p/?o=f57c65256708e46d,458.00,الأرز النيء,5 كجم,,,,,
